taxon,year,mean
grasses,2003,3.278443114
grasses,2005,4.454545455
grasses,2008,5.04375
grasses,2010,6.45
grasses,2013,5.630681818
moss,2003,1.952380952
moss,2005,2.372093023
moss,2008,3.475
moss,2010,3.85483871
moss,2013,3.808510638
shrubs,2003,2.404761905
shrubs,2005,2.877358491
shrubs,2008,2.579545455
shrubs,2010,4.6625
shrubs,2013,3.678571429
